Expense ID,Symboling,Normalized-Losses,Make,Model,Fuel-Type,Num-Of-Doors,Body-Style,Drive-Wheels,Engine-Location,Price,Year,Mileage,Condition,Payment method,Maintenance-Costs,Date,wheel-base,length,width,height,curb-weight,engine-type,num-of-cylinders,engine-size,fuel-system,bore,stroke,compression-ratio,horsepower,peak-rpm,city-mpg,highway-mpg
1,3,65,Alfa-Romeo,Giulia,Gas,2,Convertible,RWD,Front,13495,1992,12,Excellent,Debit Card,37084,1/5/2014,88.6,168.8,64.1,48.8,2548,dohc,four,130,mpfi,3.47,2.68,9,111,5000,21,27
2,2,84,Alfa-Romeo,626,Gas,4,Sedan,RWD,Front,16500,?,23,Fair,Cash,36385,3/7/2015,88.6,168.8,64.1,48.8,2548,dohc,four,130,mpfi,3.47,2.68,9,111,5000,21,27
3,1,99,Audi,100,Gas,4,Sedan,FWD,Front,16500,2014,16,Excellent,Debit Card,42848,11/28/2012,94.5,171.2,65.5,52.4,2823,ohcv,six,152,mpfi,2.68,3.47,9,154,5000,19,26
4,2,84,Audi,5000,Gas,4,Sedan,FWD,Front,13950,1996,17,Good,Cash,37912,4/8/2022,99.8,176.6,66.2,54.3,2337,ohc,four,109,mpfi,3.19,3.4,10,102,5500,24,30
5,3,81,Audi,5000,Gas,4,Wagon,FWD,Front,17450,2018,16,Excellent,Cash,27935,10/19/2017,99.4,176.6,66.4,54.3,2824,ohc,five,136,mpfi,3.19,3.4,8,115,5500,18,22
6,1,?,Audi,Fox,Gas,2,Hatchback,FWD,Front,15250,2011,20,Fair,Credit Card,36196,6/2/2022,99.8,177.3,66.3,53.1,2507,ohc,five,136,mpfi,3.19,3.4,8.5,110,5500,19,25
7,2,99,Audi,100,?,4,Sedan,FWD,Front,17710,1997,7,Excellent,Cash,31388,10/16/2018,105.8,192.7,71.4,55.7,2844,ohc,five,136,mpfi,3.19,3.4,8.5,110,5500,19,25
8,3,95,Audi,5000,Gas,4,Sedan,FWD,Front,18920,1995,19,Good,Cash,33618,2/21/2016,105.8,192.7,71.4,55.7,2954,ohc,five,136,mpfi,3.19,3.4,8.5,110,5500,19,25
9,2,100,BMW,320i,Gas,4,Sedan,RWD,Front,23875,1996,22,Excellent,Credit Card,40744,9/16/2013,105.8,192.7,71.4,55.9,3086,ohc,five,131,mpfi,3.13,3.4,8.3,140,5500,17,20
10,3,?,BMW,530i,Gas,4,Sedan,RWD,Front,?,2016,15,Good,Credit Card,31011,1/1/2016,99.5,178.2,67.9,52,3053,ohc,five,131,mpfi,3.13,3.4,7,160,5500,16,22
11,1,122,Chevrolet,Camaro,?,2,Convertible,RWD,Front,16430,2005,22,Excellent,Credit Card,48316,10/29/2017,101.2,176.8,64.8,54.3,2395,ohc,four,108,mpfi,3.5,2.8,8.8,101,5800,23,29
12,2,108,Chevrolet,Citation,Gas,4,Sedan,FWD,Front,16925,2017,20,Fair,Cash,40735,2/7/2019,101.2,176.8,64.8,54.3,2395,ohc,four,108,mpfi,3.5,2.8,8.8,101,5800,23,29
13,1,99,Dodge,Aries K,Gas,4,Sedan,FWD,Front,20970,?,9,Excellent,Cash,43107,8/28/2018,101.2,176.8,64.8,54.3,2710,ohc,six,164,mpfi,3.31,3.19,9,121,4250,21,28
14,2,99,Dodge,Omni,?,2,Hatchback,FWD,Front,21105,1994,21,Fair,Cash,49660,3/7/2013,101.2,176.8,64.8,54.3,2765,ohc,six,164,mpfi,3.31,3.19,9,121,4250,21,28
15,3,?,Dodge,St. Regis,Gas,4,Sedan,RWD,Front,24565,1991,25,Excellent,Debit Card,41526,8/30/2016,103.5,189,66.9,55.7,3055,ohc,six,164,mpfi,3.31,3.19,9,121,4250,20,25
16,2,118,Honda,Accord,Gas,4,Sedan,FWD,Front,30760,2018,12,Excellent,Cash,35714,7/3/2019,103.5,189,66.9,55.7,3230,ohc,six,209,mpfi,3.62,3.39,8,182,5400,16,22
17,3,95,Honda,Prelude,Gas,2,Hatchback,FWD,Front,41315,1997,20,Excellent,Credit Card,43840,10/10/2012,103.5,193.8,67.9,53.7,3380,ohc,six,209,mpfi,3.62,3.39,8,182,5400,16,22
18,1,118,Isuzu,Impulse,Gas,2,Sport,RWD,Front,36880,?,8,Poor,Cash,26385,10/8/2014,110,197,70.9,56.3,3505,ohc,six,209,mpfi,3.62,3.39,8,182,5400,15,20
19,2,99,Isuzu,Trooper,?,4,SUV,4WD,Front,5151,2008,6,Excellent,Credit Card,35363,4/1/2018,88.4,141.1,60.3,53.2,1488,l,three,61,2bbl,2.91,3.03,9.5,48,5100,47,53
20,3,81,Jaguar,?,Gas,4,Sedan,RWD,Front,6295,1989,23,Excellent,Cash,32878,12/18/2020,94.5,155.9,63.6,52,1874,ohc,four,90,2bbl,3.03,3.11,9.6,70,5400,38,43
21,2,118,Mazda,626,Gas,4,Sedan,FWD,Front,6575,1996,21,Excellent,Debit Card,43206,9/11/2016,94.5,158.8,63.6,52,1909,ohc,four,90,2bbl,3.03,3.11,9.6,70,5400,38,43
22,3,?,Mazda,RX-7,Gas,2,Sport,RWD,Front,5572,1988,7,Excellent,Cash,26560,7/2/2020,93.7,157.3,63.8,50.8,1876,ohc,four,90,2bbl,2.97,3.23,9.41,68,5500,37,41
23,1,122,Mercedes-Benz,300D,Diesel,4,Sedan,RWD,Front,6377,?,23,Excellent,Debit Card,37539,3/16/2021,93.7,157.3,63.8,50.8,1876,ohc,four,90,2bbl,2.97,3.23,9.4,68,5500,31,38
24,2,99,Mercury,Capri,Gas,2,Hatchback,RWD,Front,7957,2016,15,Excellent,Cash,48296,8/12/2015,93.7,157.3,63.8,50.8,2128,ohc,four,98,mpfi,3.03,3.39,7.6,102,5500,24,30
25,3,81,Mitsubishi,Cordia,Gas,4,Sedan,FWD,Front,6229,2011,12,Excellent,Credit Card,45231,8/24/2020,93.7,157.3,63.8,50.6,1967,ohc,four,90,2bbl,2.97,3.23,9.4,68,5500,31,38
26,2,118,Mitsubishi,Tredia,Gas,4,Sedan,FWD,Front,6692,1988,11,Excellent,Credit Card,28157,11/22/2018,93.7,157.3,63.8,50.6,1989,ohc,four,90,2bbl,2.97,3.23,9.4,68,5500,31,38
27,3,95,Nissan,Maxima,Gas,4,Sedan,FWD,Front,7609,?,14,Excellent,Cash,38688,12/20/2013,93.7,157.3,63.8,50.6,1989,ohc,four,90,2bbl,2.97,3.23,9.4,68,5500,31,38
28,2,?,Nissan,?,Gas,4,Sedan,FWD,Front,8558,2000,6,Excellent,Cash,32365,3/31/2019,93.7,157.3,63.8,50.6,2191,ohc,four,98,mpfi,3.03,3.39,7.6,102,5500,24,30
29,3,81,Plymouth,Horizon,Gas,4,Hatchback,FWD,Front,8921,2015,5,Excellent,Credit Card,35575,9/8/2018,103.3,174.6,64.6,59.8,2535,ohc,four,122,2bbl,3.34,3.46,8.5,88,5000,24,30
30,2,118,Plymouth,Reliant,Gas,4,Sedan,FWD,Front,12964,2018,23,Fair,Debit Card,39240,2/1/2017,95.9,173.2,66.3,50.2,2811,ohc,four,156,mfi,3.6,3.9,7,145,5000,19,24
31,3,95,Porsche,911,Gas,2,Convertible,RWD,Rear,6479,2005,10,Good,Cash,41383,5/6/2016,86.6,144.6,63.9,50.8,1713,ohc,four,92,1bbl,2.91,3.41,9.6,58,4800,49,54
32,2,118,Renault,Alliance,Gas,4,Sedan,FWD,Front,6855,1998,9,Fair,Credit Card,31256,11/28/2019,86.6,144.6,63.9,50.8,1819,ohc,four,92,1bbl,2.91,3.41,9.2,76,6000,31,38
33,3,95,Saab,900,Gas,4,Sedan,FWD,Front,5399,2013,15,Excellent,Cash,35022,7/14/2020,93.7,150,64,52.6,1837,ohc,four,79,1bbl,2.91,3.07,10.1,60,5500,38,42
34,1,118,Subaru,DL,Gas,4,Sedan,FWD,Front,6529,2022,25,Excellent,Debit Card,31052,11/26/2014,93.7,150,64,52.6,1940,ohc,four,92,1bbl,2.91,3.41,9.2,76,6000,30,34
35,3,95,Toyota,Camry,Gas,4,Sedan,FWD,Front,7129,2009,6,Excellent,Credit Card,49675,7/30/2018,93.7,150,64,52.6,1956,ohc,four,92,1bbl,2.91,3.41,9.2,76,6000,30,34
36,2,99,Toyota,Corolla,Gas,4,Sedan,FWD,Front,7295,2019,5,Excellent,Credit Card,38175,9/8/2021,96.5,163.4,64,54.5,2010,ohc,four,92,1bbl,2.91,3.41,9.2,76,6000,30,34
37,3,81,Volkswagen,Jetta,Diesel,4,Sedan,fwd,Front,7295,2010,22,,Credit Card,37004,5/30/2019,96.5,157.1,63.9,58.3,2024,ohc,four,92,1bbl,2.92,3.41,9.2,76,6000,30,34
38,2,118,Volkswagen,Rabbit,Gas,4,Hatchback,FWD,Front,7895,1983,19,Excellent,Debit Card,30723,12/20/2019,96.5,167.5,65.2,53.3,2236,ohc,four,110,1bbl,3.15,3.58,9,86,5800,27,33
39,3,95,Volvo,240,Diesel,4,Sedan,RWD,Front,9095,1985,6,Excellent,Credit Card,38131,8/8/2014,96.5,167.5,65.2,53.3,2289,ohc,four,110,1bbl,3.15,3.58,9,86,5800,27,33
40,1,118,Yugo,GV,Gas,4,Sedan,FWD,Front,8845,1983,9,Fair,Cash,45268,2/23/2015,96.5,175.4,65.2,54.1,2304,ohc,four,110,1bbl,3.15,3.58,9,86,5800,27,33
41,2,99,Yugo,Skala,Gas,4,Sedan,FWD,Front,10295,1983,23,Fair,Debit Card,44125,6/28/2017,96.5,175.4,62.5,54.1,2372,ohc,four,110,1bbl,3.15,3.58,9,86,5800,27,33
42,3,81,AMC,Spirit,Gas,4,Sedan,FWD,Front,12945,1983,7,Excellent,Credit Card,40359,12/19/2015,96.5,175.4,65.2,54.1,2465,ohc,four,110,mpfi,3.15,3.58,9,101,5800,24,28
43,1,118,Buick,Century,Gas,4,Sedan,FWD,Front,10345,1983,14,Excellent,Debit Card,48411,6/16/2020,96.5,169.1,66,51,2293,ohc,four,110,2bbl,3.15,3.58,9.1,100,5500,25,31
44,2,99,Buick,Skyhawk,Gas,2,Hatchback,FWD,Front,6785,1981,11,Fair,Debit Card,37224,1/2/2014,94.3,170.7,61.8,53.5,2337,ohc,four,111,2bbl,3.31,3.23,8.5,78,4800,24,29
45,3,81,Cadillac,Cimarron,Gas,4,Sedan,FWD,Front,?,1983,13,Excellent,Cash,45233,9/6/2022,94.5,155.9,63.6,52,1874,ohc,four,90,2bbl,3.03,3.11,9.6,70,5400,38,43
46,1,122,Chevrolet,Chevette,Gas,2,Hatchback,FWD,Front,?,1980,5,Fair,Debit Card,43822,6/28/2014,94.5,155.9,63.6,52,1909,ohc,four,90,2bbl,3.03,3.11,9.6,70,5400,38,43
47,2,99,Chevrolet,El Camino,Gas,2,Pickup,RWD,Front,11048,1983,8,Excellent,Debit Card,30356,6/19/2019,96,172.6,65.2,51.4,2734,ohc,four,119,spfi,3.43,3.23,9.2,90,5000,24,29
48,3,81,Chrysler,LeBaron,Gas,4,Sedan,FWD,Front,32250,1983,14,?,Debit Card,29090,11/5/2014,113,199.6,69.6,52.8,4066,dohc,six,258,mpfi,3.63,4.17,8.1,176,4750,15,19
49,1,122,Dodge,Aries,Gas,4,Sedan,FWD,Front,35550,1980,18,Fair,Cash,39885,8/27/2019,113,199.6,69.6,52.8,4066,dohc,six,258,mpfi,3.63,4.17,8.1,176,4750,15,19
50,2,99,Dodge,Omni GLH,Gas,2,Hatchback,FWD,Front,36000,1983,19,Excellent,Credit Card,38154,6/29/2021,102,191.7,70.6,47.8,3950,ohcv,twelve,326,mpfi,3.54,2.76,11.5,262,5000,13,17
51,3,81,Ford,Escort,Gas,2,Hatchback,FWD,Front,5195,1983,15,Excellent,Cash,46664,10/31/2015,93.1,159.1,64.2,54.1,1890,ohc,four,91,2bbl,3.03,3.15,9,68,5000,30,31
52,1,118,Geo,Metro,Gas,3,Hatchback,FWD,Front,6095,1983,8,Fair,Debit Card,35784,5/14/2022,93.1,159.1,64.2,54.1,1900,ohc,four,91,2bbl,3.03,3.15,9,68,5000,31,38
53,2,99,Hyundai,Excel,Gas,2,Hatchback,FWD,Front,6795,1983,11,Fair,Debit Card,42129,10/28/2015,93.1,159.1,64.2,54.1,1905,ohc,four,91,2bbl,3.03,3.15,9,68,5000,31,38
54,3,81,Kia,Pride,Gas,2,Hatchback,FWD,Front,6695,1983,10,Fair,Credit Card,44029,12/13/2016,93.1,166.8,64.2,54.1,1945,ohc,four,91,2bbl,3.03,3.15,9,68,5000,31,38
55,1,118,Lada,Samara,Gas,2,Sedan,FWD,Front,7395,1983,16,Fair,Debit Card,26430,7/18/2014,93.1,166.8,64.2,54.1,1950,ohc,four,91,2bbl,3.08,3.15,9,68,5000,31,38
56,2,99,Mazda,GLC,Gas,2,Hatchback,FWD,Front,10945,1983,9,Fair,Credit Card,27371,3/14/2017,95.3,169,65.7,49.6,2380,rotor,two,70,4bbl,?,?,9.4,101,6000,17,23
57,3,81,Mercury,Capri,Gas,2,Hatchback,RWD,Front,11845,1983,5,Excellent,Cash,26237,2/8/2021,95.3,169,65.7,49.6,2380,rotor,two,70,4bbl,?,?,9.4,101,6000,17,23
58,1,118,Nissan,Sentra,Gas,4,Sedan,FWD,Front,13645,?,20,Excellent,Credit Card,40486,2/15/2014,95.3,169,65.7,49.6,2385,rotor,two,70,4bbl,?,?,9.4,101,6000,17,23
59,2,99,Plymouth,Reliant,Gas,4,Sedan,FWD,Front,15645,1983,25,Fair,Debit Card,44034,3/10/2012,95.3,169,65.7,49.6,2500,rotor,two,80,mpfi,?,?,9.4,135,6000,16,23
60,3,81,Pontiac,Fiero,Gas,2,Convertible,RWD,Front,8845,1983,11,Excellent,Credit Card,27746,5/21/2018,98.8,177.8,66.5,53.7,2385,ohc,four,122,2bbl,3.39,3.39,8.6,84,4800,26,32
61,1,118,Renault,Alliance,Gas,4,Sedan,?,Front,8495,1983,23,Fair,Debit Card,47179,3/16/2019,98.8,177.8,66.5,55.5,2410,ohc,four,122,2bbl,3.39,3.39,8.6,84,4800,26,32
62,2,99,Subaru,DL,Gas,4,Sedan,FWD,Front,10595,1983,25,Fair,Credit Card,49985,5/25/2015,98.8,177.8,66.5,53.7,2385,ohc,four,122,2bbl,3.39,3.39,8.6,84,4800,26,32
63,3,81,Toyota,Corolla,Gas,4,Sedan,FWD,Front,10245,1983,5,Excellent,Credit Card,30507,6/19/2016,98.8,177.8,66.5,55.5,2410,ohc,four,122,2bbl,3.39,3.39,8.6,84,4800,26,32
64,1,122,Volkswagen,Fox,Gas,2,Hatchback,FWD,Front,10795,1980,23,Fair,Debit Card,45222,12/5/2013,98.8,177.8,66.5,55.5,2443,ohc,four,122,idi,3.39,3.39,22.7,64,4650,36,42
65,?,99,Volvo,240,Diesel,4,Sedan,RWD,Front,11245,1983,9,?,Debit Card,36653,11/29/2019,98.8,177.8,66.5,55.5,2425,ohc,four,122,2bbl,3.39,3.39,8.6,84,4800,26,32
66,3,81,Yugo,GV,Gas,4,Sedan,FWD,Front,18280,1983,21,Poor,Cash,47234,6/28/2012,104.9,175,66.1,54.4,2670,ohc,four,140,mpfi,3.76,3.16,8,120,5000,19,27
67,1,118,AMC,Spirit,Gas,4,Sedan,FWD,Front,18344,1983,25,Excellent,Credit Card,38599,2/3/2013,104.9,175,66.1,54.4,2700,ohc,four,134,idi,3.43,3.64,22,72,4200,31,39
68,2,99,Buick,Skyhawk,Gas,2,Hatchback,FWD,Front,25552,1981,10,Fair,Credit Card,43341,10/22/2022,110,190.9,70.3,56.5,3515,ohc,five,183,idi,3.58,3.64,21.5,123,4350,22,25
69,3,81,Cadillac,Cimarron,Gas,4,Sedan,FWD,Front,28248,1983,7,Excellent,Cash,38209,1/16/2021,110,190.9,70.3,58.7,3750,ohc,five,183,idi,3.58,3.64,21.5,123,4350,22,25
70,1,122,Chevrolet,Chevette,Gas,2,Hatchback,FWD,Front,28176,1980,19,Fair,Debit Card,39279,1/26/2012,106.7,187.5,70.3,54.9,3495,ohc,five,183,idi,3.58,3.64,21.5,123,4350,22,25
71,2,99,Chevrolet,El Camino,Gas,2,Pickup,RWD,Front,31600,1983,25,Excellent,Cash,49437,7/27/2019,115.6,202.6,71.7,56.3,3770,ohc,five,183,idi,3.58,3.64,21.5,123,4350,22,25
72,3,81,Chrysler,LeBaron,Gas,4,Sedan,FWD,Front,34184,1983,6,Excellent,Credit Card,44599,5/31/2015,115.6,202.6,71.7,56.5,3740,ohcv,eight,234,mpfi,3.46,3.1,8.3,155,4750,16,18
73,1,122,Dodge,Aries,Gas,4,Sedan,FWD,Front,35056,1980,24,Fair,Cash,48024,10/4/2016,96.6,180.3,70.5,50.8,3685,ohcv,eight,234,mpfi,3.46,3.1,8.3,155,4750,16,18
74,2,99,Dodge,Omni GLH,Gas,2,Hatchback,FWD,Front,40960,1983,16,Excellent,Cash,29622,11/7/2018,120.9,208.1,71.7,56.7,3900,ohcv,eight,308,mpfi,3.8,3.35,8,184,4500,14,16
75,3,81,Ford,Escort,Gas,2,Hatchback,FWD,Front,45400,1983,10,Excellent,Cash,33680,11/5/2015,112,199.2,72,55.4,3715,ohcv,eight,304,mpfi,3.8,3.35,8,184,4500,14,16
76,1,118,Geo,Metro,Gas,3,Hatchback,FWD,Front,16503,1983,20,Fair,Debit Card,26530,12/2/2017,102.7,178.4,68,54.8,2910,ohc,four,140,mpfi,3.78,3.12,8,175,5000,19,24
77,3,81,Alfa-Romeo,Giulia,Petrol,2,Convertible,RWD,Front,5389,1982,16,Excellent,Debit Card,36489,7/2/2017,93.7,157.3,64.4,50.8,1918,ohc,four,92,2bbl,2.97,3.23,9.4,68,5500,37,41
78,?,99,?,100,Petrol,4,Sedan,FWD,Front,6189,1982,13,Excellent,Debit Card,47024,7/6/2013,93.7,157.3,64.4,50.8,1944,ohc,four,92,2bbl,2.97,3.23,9.4,68,5500,31,38
79,3,81,BMW,320i,Petrol,4,Sedan,RWD,Front,6669,1982,9,Excellent,Cash,37656,1/30/2012,93.7,157.3,64.4,50.8,2004,ohc,four,92,2bbl,2.97,3.23,9.4,68,5500,31,38
80,2,99,Chevrolet,Camaro,Petrol,2,Convertible,RWD,Front,7689,1982,20,Excellent,Cash,49253,12/2/2020,93,157.3,63.8,50.8,2145,ohc,four,98,spdi,3.03,3.39,7.6,102,5500,24,30
81,1,118,Dodge,Aries K,Petrol,4,?,FWD,Front,9959,1982,9,Excellent,Debit Card,33474,2/10/2014,96.3,173,65.4,49.4,2370,ohc,four,110,spdi,3.17,3.46,7.5,116,5500,23,30
82,2,118,Honda,Accord,Petrol,4,Sedan,FWD,Front,8499,1983,13,Excellent,Cash,38237,9/1/2022,96.3,173,65.4,49.4,2328,ohc,four,122,2bbl,3.35,3.46,8.5,88,5000,25,32
83,1,118,Hyundai,Excel,Petrol,2,Hatchback,FWD,Front,12629,1983,11,Fair,Cash,44822,11/21/2019,95.9,173.2,66.3,50.2,2833,ohc,four,156,spdi,3.58,3.86,7,145,5000,19,24
84,2,99,Isuzu,Impulse,Petrol,2,Sport,RWD,Front,14869,?,14,Excellent,Cash,44250,6/21/2016,95.9,173.2,66.3,50.2,2921,ohc,four,156,spdi,3.59,3.86,7,145,5000,19,24
85,3,81,Mazda,RX-7,Petrol,2,Sport,RWD,Front,14489,1983,7,Excellent,Cash,46340,6/19/2013,95.9,173.2,66.3,50.2,2926,ohc,four,156,spdi,3.59,3.86,7,145,5000,19,24
86,2,118,Mitsubishi,Cordia,Petrol,4,Sedan,FWD,Front,6989,1983,21,Excellent,Debit Card,27422,8/23/2016,96.3,172.4,65.4,51.6,2365,ohc,four,122,2bbl,3.35,3.46,8.5,88,5000,25,32
87,3,81,Nissan,Maxima,Petrol,4,Sedan,FWD,Front,8189,1985,10,Excellent,Debit Card,47247,10/5/2013,96.3,172.4,65.4,51.6,2405,ohc,four,122,2bbl,3.35,3.46,8.5,88,5000,25,32
88,2,99,Toyota,Camry,Petrol,4,Sedan,FWD,Front,9279,1985,11,Excellent,Debit Card,38739,4/10/2014,96.3,172.4,65.4,51.6,2403,ohc,four,110,spdi,3.17,3.46,7.5,116,5500,23,30
89,2,99,Volkswagen,Rabbit,Petrol,4,Hatchback,FWD,Front,9279,1983,8,Excellent,Credit Card,34810,10/18/2019,96.3,172.4,65.4,51.6,2403,ohc,four,110,spdi,3.17,3.46,7.5,116,5500,23,30
90,3,81,Alfa-Romeo,Giulia,Petrol,2,Convertible,RWD,Front,5499,1982,15,Excellent,Cash,25875,10/26/2019,94.5,165.3,63.8,54.5,1889,ohc,four,97,2bbl,3.15,3.29,9.4,69,5200,31,37
91,2,99,Audi,100,Diesel,4,Sedan,FWD,Front,7099,1982,13,Excellent,Credit Card,46703,4/5/2018,94.5,165.3,63.8,54.5,2017,ohc,four,103,idi,2.99,3.47,21.9,55,4800,45,50
92,3,81,BMW,320i,Gas,4,Sedan,RWD,Front,6649,1982,20,Excellent,Credit Card,29207,9/15/2022,94.5,165.3,63.8,54.5,1918,ohc,four,97,2bbl,3.15,3.29,9.4,69,5200,31,37
93,1,118,Chevrolet,Camaro,Petrol,2,Convertible,RWD,Front,6849,1982,25,Excellent,Debit Card,35885,9/1/2020,94.5,165.3,63.8,54.5,1938,ohc,four,97,2bbl,3.15,3.29,9.4,69,5200,31,37
94,2,118,Dodge,Aries K,Petrol,4,Sedan,FWD,Front,7349,1982,21,Excellent,Debit Card,28383,4/8/2018,94.5,170.2,63.8,53.5,2024,ohc,four,97,2bbl,3.15,3.29,9.4,69,5200,31,37
95,1,118,Toyota,Camry,Gas,4,Sedan,FWD,Front,7299,1985,24,Excellent,Debit Card,42511,9/18/2012,94.5,165.3,63.8,54.5,1951,ohc,four,97,2bbl,3.15,3.29,9.4,69,5200,31,37
96,2,99,Volkswagen,Rabbit,Gas,4,Hatchback,FWD,Front,7799,1983,12,Excellent,Debit Card,48163,2/17/2019,94.5,165.6,63.8,53.3,2028,ohc,four,97,2bbl,3.15,3.29,9.4,69,5200,31,37
97,3,81,Volvo,240,Diesel,4,Sedan,RWD,Front,7499,1983,21,Excellent,Credit Card,48310,1/15/2014,94.5,165.3,63.8,54.5,1971,ohc,four,97,2bbl,3.15,3.29,9.4,69,5200,31,37
98,2,99,Mercury,Capri,Gas,2,Hatchback,RWD,Front,7999,1983,22,Excellent,Credit Card,39217,9/16/2017,94.5,170.2,63.8,53.5,2037,ohc,four,97,2bbl,3.15,3.29,9.4,69,5200,31,37
99,3,81,Nissan,Sentra,Gas,4,Sedan,FWD,Front,8249,1983,23,Excellent,Cash,30123,1/24/2013,95.1,162.4,63.8,53.3,2008,ohc,four,97,2bbl,3.15,3.29,9.4,69,5200,31,37
100,1,122,Geo,Metro,Gas,3,Hatchback,FWD,Front,8949,1983,9,Fair,Debit Card,28776,6/28/2017,97.2,173.4,65.2,54.7,2324,ohc,four,120,2bbl,3.33,3.47,8.5,97,5200,27,34
101,2,99,Isuzu,Trooper,Diesel,4,SUV,4WD,Front,9549,1983,16,Excellent,Debit Card,45477,6/4/2013,97.2,173.4,65.2,54.7,2302,ohc,four,120,2bbl,3.33,3.47,8.5,97,5200,27,34
102,3,81,Mazda,RX-7,Petrol,2,Sport,RWD,Front,13499,1983,18,Excellent,Cash,31195,3/6/2021,100.4,181.7,66.5,55.1,3095,ohcv,six,181,mpfi,3.43,3.27,9,152,5200,17,22
103,1,118,Mercedes-Benz,300D,Diesel,4,Sedan,RWD,Front,14399,1985,5,Excellent,Credit Card,28744,7/15/2019,100.4,184.6,66.5,56.1,3296,ohcv,six,181,mpfi,3.43,3.27,9,152,5200,17,22
104,2,99,Mitsubishi,Tredia,Gas,4,Sedan,FWD,Front,13499,1983,9,Excellent,Cash,43831,2/27/2012,100.4,184.6,66.5,55.1,3060,ohcv,six,181,mpfi,3.43,3.27,9,152,5200,19,25
105,3,81,Nissan,Maxima,Petrol,4,Sedan,FWD,Front,17199,1985,16,Excellent,Cash,30840,4/26/2014,91.3,170.7,67.9,49.7,3071,ohcv,six,181,mpfi,3.43,3.27,9,160,5200,19,25
106,1,118,Subaru,DL,Petrol,4,Sedan,FWD,Front,19699,1983,25,Excellent,Cash,29804,9/20/2012,91.3,170.7,67.9,49.7,3139,ohcv,six,181,mpfi,3.43,3.27,7.8,200,5200,17,23
107,2,99,Volvo,240,Diesel,4,Sedan,RWD,Front,18399,2022,25,Excellent,Credit Card,27443,6/15/2020,99.2,178.5,67.9,49.7,3139,ohcv,six,181,mpfi,3.43,3.27,9,160,5200,19,25
108,3,81,Yugo,Skala,Gas,4,Sedan,FWD,Front,11900,2022,24,Fair,Cash,30405,4/2/2018,107.9,186.7,68.4,56.7,3020,l,four,120,mpfi,3.46,3.19,8.4,97,5000,19,24
109,1,118,AMC,Spirit,Gas,4,Sedan,FWD,Front,13200,2022,9,Excellent,Debit Card,40487,9/6/2017,107.9,186.7,68.4,56.7,3197,l,four,152,idi,3.7,3.52,21,95,4150,28,33
110,2,99,Buick,Skyhawk,Gas,2,Hatchback,FWD,Front,12440,2022,16,Fair,Debit Card,28388,3/2/2021,114.2,198.9,68.4,58.7,3230,l,four,120,mpfi,3.46,3.19,8.4,97,5000,19,24
111,3,81,Chevrolet,Chevette,Petrol,2,Hatchback,FWD,Front,13860,2022,7,Fair,Debit Card,32352,2/15/2017,114.2,198.9,68.4,58.7,3430,l,four,152,idi,3.7,3.52,21,95,4150,25,25
112,1,122,Dodge,Aries,Gas,4,Sedan,FWD,Front,15580,2022,20,Fair,Debit Card,31498,4/10/2016,107.9,186.7,68.4,56.7,3075,l,four,120,mpfi,3.46,2.19,8.4,95,5000,19,24
113,2,99,Pontiac,Fiero,Petrol,2,Convertible,RWD,Front,16900,1983,6,Excellent,Credit Card,49375,7/18/2020,107.9,186.7,68.4,56.7,3252,l,four,152,idi,3.7,3.52,21,95,4150,28,33
114,3,81,Renault,Alliance,Gas,4,Sedan,FWD,Front,16695,1983,17,Fair,Debit Card,49866,9/24/2022,114.2,198.9,68.4,56.7,3285,l,four,120,mpfi,3.46,2.19,8.4,95,5000,19,24
115,1,118,Subaru,DL,Petrol,4,Sedan,FWD,Front,17075,1983,17,Fair,Cash,38457,4/11/2015,114.2,198.9,68.4,58.7,3485,l,four,152,idi,3.7,3.52,21,95,4150,25,25
116,2,99,Toyota,Corolla,Gas,4,Sedan,FWD,Front,16630,1983,11,Excellent,Debit Card,42584,7/8/2020,107.9,186.7,68.4,56.7,3075,l,four,120,mpfi,3.46,3.19,8.4,97,5000,19,24
117,3,81,Volkswagen,Fox,Gas,2,Hatchback,FWD,Front,17950,1980,5,Fair,Debit Card,25628,10/5/2020,107.9,186.7,68.4,56.7,3252,l,four,152,idi,3.7,3.52,21,95,4150,28,33
118,1,122,Volkswagen,Rabbit,Gas,4,Hatchback,FWD,Front,18150,1983,25,Fair,Debit Card,31902,7/3/2016,108,186.7,68.3,56,3130,l,four,134,mpfi,3.61,3.21,7,142,5600,18,24
119,2,99,Volvo,240,Diesel,4,Sedan,RWD,Front,5572,1983,6,Excellent,Credit Card,48064,11/29/2019,93.7,157.3,63.8,50.8,1918,ohc,four,90,2bbl,2.97,3.23,9.4,68,5500,37,41
120,3,81,Yugo,GV,Gas,4,Sedan,FWD,Front,7957,1983,21,Poor,Cash,25162,10/6/2015,93.7,157.3,63.8,50.8,2128,ohc,four,98,spdi,3.03,3.39,7.6,102,5500,24,30
121,2,99,Mazda,RX-7,Petrol,2,Sport,RWD,Front,6229,2019,10,Excellent,Cash,45279,2/9/2019,93.7,157.3,63.8,50.6,1967,ohc,four,90,2bbl,2.97,3.23,9.4,68,5500,31,38
122,3,81,Mercedes-Benz,300D,Diesel,4,Sedan,RWD,Front,6692,2019,19,Excellent,Cash,48941,1/7/2020,93.7,167.3,63.8,50.8,1989,ohc,four,90,2bbl,2.97,3.23,9.4,68,5500,31,38
123,1,118,Honda,Accord,Petrol,4,Sedan,FWD,Front,7609,2019,17,Excellent,Cash,44912,9/3/2021,93.7,167.3,63.8,50.8,2191,ohc,four,98,2bbl,2.97,3.23,9.4,68,5500,31,38
124,2,99,Isuzu,Impulse,Petrol,2,Sport,RWD,Front,8921,2019,23,Excellent,Credit Card,30633,9/23/2016,103.3,174.6,64.6,59.8,2535,ohc,four,122,2bbl,3.35,3.46,8.5,88,5000,24,30
125,3,81,Mitsubishi,Tredia,Gas,4,Sedan,FWD,Front,12764,2019,17,Excellent,Debit Card,32832,12/1/2022,95.9,173.2,66.3,50.2,2818,ohc,four,156,spdi,3.59,3.86,7,145,5000,19,24
126,1,118,Nissan,Maxima,Petrol,4,Sedan,FWD,Front,22018,2019,25,Excellent,Debit Card,40355,3/31/2019,94.5,168.9,68.3,50.2,2778,ohc,four,151,mpfi,3.94,3.11,9.5,143,5500,19,27
127,2,99,Subaru,DL,Petrol,4,Sedan,FWD,Front,32528,2019,7,Excellent,Debit Card,32671,1/13/2016,89.5,168.9,65,51.6,2756,ohcf,six,194,mpfi,3.74,2.9,9.5,207,5900,17,25
128,3,81,Volvo,240,Diesel,4,Sedan,RWD,Front,34028,1983,23,Excellent,Cash,35306,8/30/2018,89.5,168.9,65,51.6,2756,ohcf,six,194,mpfi,3.74,2.9,9.5,207,5900,17,25
129,1,118,Geo,Metro,Gas,3,Hatchback,FWD,Front,37028,1983,22,Fair,Credit Card,37150,3/17/2012,89.5,168.9,65,51.6,2800,ohcf,six,194,mpfi,3.74,2.9,9.5,207,5900,17,25
130,2,99,Hyundai,Excel,Petrol,2,Hatchback,FWD,Front,?,1983,9,Fair,Cash,47923,1/8/2013,98.4,175.7,72.3,50.5,3366,dohcv,eight,203,mpfi,3.94,3.11,10,288,5750,17,28
131,3,81,Kia,Pride,Gas,2,Hatchback,FWD,Front,9295,1983,21,Fair,Cash,28727,7/15/2019,96.1,181.5,66.5,55.2,2579,ohc,four,132,mpfi,3.46,3.9,8.7,?,?,23,31
132,1,118,Lada,Samara,Gas,2,Sedan,FWD,Front,9895,1983,25,Fair,Cash,39746,2/18/2014,96.1,176.8,66.6,50.5,2460,ohc,four,132,mpfi,3.46,3.9,8.7,?,?,23,31
133,2,99,Mazda,GLC,Gas,2,Hatchback,FWD,Front,11850,1983,12,Fair,Credit Card,37632,5/25/2018,99.1,186.6,66.5,56.1,2658,ohc,four,121,mpfi,3.54,3.07,9.31,110,5250,21,28
134,3,81,Mercury,Capri,Gas,2,Hatchback,RWD,Front,12170,1983,15,Excellent,Credit Card,49886,3/11/2015,99.1,186.6,66.5,56.1,2695,ohc,four,121,mpfi,3.54,3.07,9.3,110,5250,21,28
135,1,118,Plymouth,Reliant,Gas,4,Sedan,FWD,Front,15040,2019,7,Fair,Cash,28946,3/15/2018,99.1,186.6,66.5,56.1,2707,ohc,four,121,mpfi,2.54,2.07,9.3,110,5250,21,28
136,2,99,Pontiac,Fiero,Petrol,2,Convertible,RWD,Front,15510,2019,20,Excellent,Credit Card,25858,1/16/2017,99.1,186.6,66.5,56.1,2758,ohc,four,121,mpfi,3.54,3.07,9.3,110,5250,21,28
137,3,81,Renault,Alliance,Gas,4,Sedan,FWD,Front,18150,2019,7,Fair,Credit Card,31334,10/4/2012,99.1,186.6,66.5,56.1,2808,dohc,four,121,mpfi,3.54,3.07,9,160,5500,19,26
138,1,118,Volkswagen,Fox,Gas,2,Hatchback,FWD,Front,18620,1980,14,Fair,Cash,31518,10/6/2020,99.1,186.6,66.5,56.1,2847,dohc,four,121,mpfi,3.54,3.07,9,160,5500,19,26
139,2,99,AMC,Spirit,Gas,4,Sedan,FWD,Front,5118,1983,17,Excellent,Debit Card,26852,9/10/2020,93.7,156.9,63.4,53.7,2050,ohcf,four,97,2bbl,3.62,2.36,9,69,4900,31,36
140,3,81,Buick,Skyhawk,Gas,2,Hatchback,FWD,Front,7053,1981,5,Fair,Cash,30506,12/22/2018,93.7,157.9,63.6,53.7,2120,ohcf,four,108,2bbl,3.62,2.64,8.7,73,4400,26,31
141,1,118,Chevrolet,Camaro,Petrol,2,Convertible,RWD,Front,7603,1982,16,Excellent,Credit Card,40016,4/17/2020,93.3,157.3,63.8,55.7,2240,ohcf,four,108,2bbl,3.62,2.64,8.7,73,4400,26,31
142,2,99,Dodge,Aries K,Petrol,4,Sedan,FWD,Front,7126,1982,11,Excellent,Credit Card,28477,4/4/2017,97.2,172,65.4,52.5,2145,ohcf,four,108,2bbl,3.62,2.64,9.5,82,4800,32,37
143,3,81,Dodge,Omni GLH,Gas,2,Hatchback,FWD,Front,7775,1983,8,Excellent,Credit Card,30020,11/21/2021,97.2,172,65.4,52.5,2190,ohcf,four,108,2bbl,3.62,2.64,9.5,82,4400,28,33
144,1,118,Ford,Escort,Gas,2,Hatchback,FWD,Front,9960,1983,25,Excellent,Cash,34281,12/24/2014,97.2,172,65.4,52.5,2340,ohcf,four,108,mpfi,3.62,2.64,9,94,5200,26,32
145,2,99,Geo,Metro,Gas,3,Hatchback,FWD,Front,9233,1983,6,Fair,Debit Card,30103,12/18/2021,97,172,65.4,54.3,2385,ohcf,four,108,2bbl,3.62,2.64,9,82,4800,24,25
146,3,81,Yugo,GV,Gas,4,Sedan,FWD,Front,11259,1983,21,Poor,Cash,39415,8/12/2018,97,172,65.4,54.3,2510,ohcf,four,108,mpfi,3.62,2.64,7.7,111,4800,24,29
147,1,118,Lada,Samara,Gas,2,Sedan,FWD,Front,7463,1983,22,Fair,Cash,26136,7/23/2016,97,173.5,65.4,53,2290,ohcf,four,108,2bbl,3.62,2.64,9,82,4800,28,32
148,2,99,Volkswagen,Rabbit,Gas,4,Hatchback,FWD,Front,10198,1983,14,Excellent,Debit Card,47354,10/14/2019,97,173.5,65.4,53,2455,ohcf,four,108,mpfi,3.62,2.64,9,94,5200,25,31
149,3,81,Volvo,240,Diesel,4,Sedan,RWD,Front,8013,1983,18,Excellent,Credit Card,38551,5/15/2016,96.9,173.6,65.4,54.9,2420,ohcf,four,108,2bbl,3.62,2.64,9,82,4800,23,29
150,1,118,Chevrolet,Chevette,Petrol,2,Hatchback,FWD,Front,11694,1980,20,Fair,Credit Card,27051,1/21/2018,96.9,173.6,65.4,54.9,2650,ohcf,four,108,mpfi,3.62,2.64,7.7,111,4800,23,23
151,2,99,Chrysler,LeBaron,Gas,4,Sedan,FWD,Front,5348,1983,20,Excellent,Debit Card,44238,5/21/2017,95.7,158.7,63.6,54.5,1985,ohc,four,92,2bbl,3.05,3.03,9,62,4800,35,39
152,3,81,Isuzu,Trooper,Diesel,4,SUV,4WD,Front,6338,1983,16,Excellent,Debit Card,34198,3/8/2017,95.7,158.7,63.6,54.5,2040,ohc,four,92,2bbl,3.05,3.03,9,62,4800,31,38
153,1,118,Mazda,RX-7,Petrol,2,Sport,RWD,Front,6488,1983,23,Excellent,Cash,34747,12/20/2018,95.7,158.7,63.6,54.5,2015,ohc,four,92,2bbl,3.05,3.03,9,62,4800,31,38
154,2,99,Mitsubishi,Tredia,Gas,4,Sedan,FWD,Front,6918,2022,20,Excellent,Debit Card,25041,5/25/2020,95.7,169.7,63.6,59.1,2280,ohc,four,92,2bbl,3.05,3.03,9,62,4800,31,37
155,3,81,Nissan,Maxima,Petrol,4,Sedan,FWD,Front,7898,2022,21,Excellent,Cash,26261,2/22/2014,95.7,169.7,63.6,59.1,2290,ohc,four,92,2bbl,3.05,3.03,9,62,4800,27,32
156,1,118,Subaru,DL,Petrol,4,Sedan,FWD,Front,8778,2022,20,Fair,Debit Card,35768,4/15/2015,95.7,169.7,63.6,59.1,3110,ohc,four,92,2bbl,3.05,3.03,9,62,4800,27,32
157,2,99,Toyota,Corolla,Gas,4,Sedan,FWD,Front,6938,2022,23,Excellent,Cash,46667,11/17/2015,95.7,166.3,64.4,53,2081,ohc,four,98,2bbl,3.19,3.03,9,70,4800,30,37
158,3,81,Volkswagen,Fox,Gas,2,Hatchback,FWD,Front,7198,1980,12,Fair,Credit Card,49199,11/8/2013,95.7,166.3,64.4,52.8,2109,ohc,four,98,2bbl,3.19,3.03,9,70,4800,30,37
159,1,118,Yugo,Skala,Gas,4,Sedan,FWD,Front,7898,1983,9,Fair,Credit Card,47700,3/27/2017,95.7,166.3,64.4,53,2275,ohc,four,110,idi,3.27,3.35,22.5,56,4500,34,36
160,2,99,Isuzu,Impulse,Petrol,2,Sport,RWD,Front,7788,1983,24,Excellent,Debit Card,27388,2/6/2018,95.7,166.3,64.4,52.8,2275,ohc,four,110,idi,3.27,3.35,22.5,56,4500,38,47
161,3,81,Volvo,240,?,4,Sedan,RWD,Front,7738,1983,10,Excellent,Debit Card,25593,7/27/2015,95.7,166.3,64.4,53,2094,ohc,four,98,2bbl,3.19,3.03,9,70,4800,38,47
162,1,118,Alfa-Romeo,Giulia,Petrol,2,Convertible,RWD,Front,8358,1982,18,Excellent,Credit Card,48384,5/21/2014,95.7,166.3,64.4,52.8,2122,ohc,four,98,2bbl,3.19,3.03,9,70,4800,28,34
163,2,99,Audi,100,Diesel,4,Sedan,FWD,Front,9258,1982,18,Excellent,Cash,42964,8/2/2015,95.7,166.3,64.4,52.8,2140,ohc,four,98,2bbl,3.19,3.03,9,70,4800,28,34
164,3,81,BMW,320i,Gas,4,Sedan,RWD,Front,8058,1982,24,Excellent,Credit Card,27788,9/20/2020,94.5,168.7,64,52.6,2169,ohc,four,98,2bbl,3.19,3.03,9,70,4800,29,34
165,1,118,Chevrolet,Camaro,Petrol,2,Convertible,RWD,Front,8238,2020,19,Excellent,Cash,46982,12/13/2013,94.5,168.7,64,52.6,2204,ohc,four,98,2bbl,3.19,3.03,9,70,4800,29,34
166,2,99,Dodge,Aries K,Petrol,4,Sedan,FWD,Front,9298,2020,11,Excellent,Credit Card,48850,2/18/2021,94.5,168.7,64,52.6,2265,dohc,four,98,mpfi,3.24,3.08,9.4,112,6600,26,29
167,3,81,Ford,Mustang,Gas,2,Coupe,RWD,Front,9538,2020,15,Excellent,Credit Card,42965,5/7/2016,94.5,168.7,64,52.6,2300,dohc,four,98,mpfi,3.24,3.08,9.4,112,6600,26,29
168,1,118,Geo,Metro,Gas,3,Hatchback,FWD,Front,8449,2020,21,Fair,Credit Card,44140,10/22/2021,98.4,176.2,65.6,52,2540,ohc,four,146,mpfi,3.62,3.5,9.3,116,4800,24,30
169,2,99,Hyundai,Excel,?,2,Hatchback,FWD,Front,9639,2020,25,Fair,Cash,49829,5/20/2016,98.4,176.2,65.6,52,2536,ohc,four,146,mpfi,3.62,3.5,9.3,116,4800,24,30
170,3,81,Kia,Pride,Gas,2,Hatchback,FWD,Front,9989,1983,18,Fair,Credit Card,33163,6/17/2014,98.4,176.2,65.6,52,2551,ohc,four,146,mpfi,3.62,3.5,9.3,116,4800,24,30
171,1,118,Lada,Samara,Gas,2,Sedan,FWD,Front,11199,1983,18,Fair,Credit Card,45723,5/20/2019,98.4,176.2,65.6,52,2679,ohc,four,146,mpfi,3.62,3.5,9.3,116,4800,24,30
172,2,99,Mercury,Capri,Gas,2,Hatchback,RWD,Front,11549,1983,6,Excellent,Debit Card,33434,5/22/2016,98.4,176.2,65.6,52,2714,ohc,four,146,mpfi,3.62,3.5,9.3,116,4800,24,30
173,3,81,Plymouth,Reliant,Gas,4,Sedan,FWD,Front,17669,1983,8,Fair,Credit Card,28707,12/21/2016,98.4,176.2,65.6,53,2975,ohc,four,146,mpfi,3.62,3.5,9.3,116,4800,24,30
174,1,118,Pontiac,Fiero,Petrol,2,Convertible,RWD,Front,8948,2021,21,Excellent,Cash,47479,12/13/2012,102.4,175.6,66.5,54.9,2326,ohc,four,122,mpfi,3.31,3.54,8.7,92,4200,29,34
175,2,99,Renault,Alliance,Gas,4,Sedan,FWD,Front,10698,2021,24,Fair,Cash,46073,8/10/2016,102.4,175.6,66.5,54.9,2480,ohc,four,110,idi,3.27,3.35,22.5,73,4500,30,33
176,3,81,Volkswagen,Fox,Gas,2,Hatchback,FWD,Front,9988,2021,20,Fair,Debit Card,40213,12/31/2013,102.4,175.6,66.5,53.9,2414,ohc,four,122,mpfi,3.31,3.54,8.7,92,4200,27,32
177,1,118,Isuzu,Impulse,Petrol,2,Sport,RWD,Front,10898,1983,19,Excellent,Credit Card,40244,1/23/2021,102.4,175.6,66.5,54.9,2414,ohc,four,122,mpfi,3.31,3.54,8.7,92,4200,27,32
178,2,99,Mazda,GLC,Gas,2,Hatchback,FWD,Front,11248,1983,13,Fair,Debit Card,49833,8/20/2013,102.4,175.6,66.5,53.9,2458,ohc,four,122,mpfi,3.31,3.54,8.7,92,4200,27,32
179,3,81,Mitsubishi,Tredia,Gas,4,Sedan,FWD,Front,16558,1983,17,Excellent,Credit Card,42105,2/7/2022,102.9,183.5,67.7,52,2976,dohc,six,171,mpfi,3.27,3.35,9.3,161,5200,20,24
180,1,118,Nissan,Maxima,Petrol,4,Sedan,FWD,Front,15998,1985,5,Excellent,Credit Card,30440,9/12/2012,102.9,183.5,67.7,52,3016,dohc,six,171,mpfi,3.27,3.35,9.3,161,5200,19,24
181,2,99,Subaru,DL,Petrol,4,Sedan,FWD,Front,15690,1983,25,Excellent,Debit Card,46803,4/27/2015,104.5,187.8,66.5,54.1,3131,dohc,six,171,mpfi,3.27,3.35,9.2,156,5200,20,24
182,3,81,Volvo,240,Diesel,4,Sedan,RWD,Front,15750,1983,8,Excellent,Debit Card,33761,9/2/2016,104.5,187.8,66.5,54.1,3151,dohc,six,161,mpfi,3.27,3.35,9.2,156,5200,19,24
